,Название,Гибридность,Спелость,"Срок созревания, дн",Детерминантность,Высота,Масса плода
0,Томат Блю Питтс (Blue Pitts),False,Раннеспелый,,Индетерминантный,150-180 см,От 50 до 100 г
1,Томат Сладкая ягодка,False,Ультраскороспелый,90-95,Супердетерминантный,около 30 см,
2,Томат Малиновый смак,True,Раннеспелый,95-100,Индетерминантный,180-200 см,От 150 до 250 г
3,Томат Хали-гали,True,Раннеспелый,105-112,Детерминантный,80-110 см,От 150 до 250 г
4,Томат Сливка-великан,False,Раннеспелый,105-115,Детерминантный,70-80 см,От 100 до 150 г
5,Томат Скороспелка розовая,False,Раннеспелый,103-109,Детерминантный,50-70 см,От 50 до 100 г
6,Томат Розовый налив,False,Раннеспелый,105-110,Индетерминантный,170-180 см,Более 250 г
7,Томат Розовый десертный,True,Раннеспелый,95-100,Детерминантный,100 см,От 100 до 150 г
8,Томат Розовый бегемот,False,Среднеспелый,110-115,Детерминантный,100-120 см,Более 250 г
9,Томат Розовая андромеда,True,Ультраскороспелый,80-87,Детерминантный,65-70 см,От 100 до 150 г
10,Томат Ранний красный,False,Ультраскороспелый,97-105,Детерминантный,40-50 см,От 50 до 100 г
11,Томат Прима дона,True,Раннеспелый,45-55,Детерминантный,70-90 см,От 150 до 250 г
12,Томат Пальчики оближешь,False,Раннеспелый,103-110,Индетерминантный,140-180 см,От 150 до 250 г
13,Томат Оля,True,Ультраскороспелый,85-95,Супердетерминантный,120 см,От 100 до 150 г
14,Томат Мишка на севере,True,Раннеспелый,105-115,Детерминантный,60-80 см,От 100 до 150 г
15,Томат Красная стрела,True,Раннеспелый,60-65,Детерминантный,120 см,От 100 до 150 г
16,Томат Изюминка,False,Раннеспелый,60-65,Детерминантный,50-60 см,От 50 до 100 г
17,Томат Золотой самородок,False,Среднеспелый,45-55,Детерминантный,50-60 см,От 100 до 150 г
18,Томат Забава,False,Раннеспелый,60-65,Детерминантный,60-70 см,От 50 до 100 г
19,Томат Бычье сердце персиковое,False,Раннеспелый,102-110,Индетерминантный,150-180 см,Более 250 г
20,Томат Бычье сердце,False,Среднеспелый,60-65,Индетерминантный,140-180 см,Более 250 г
21,Томат Букет сибири,True,Среднеспелый,111-115,Детерминантный,до 100 см,От 50 до 100 г
22,Томат Брат 2,True,Среднеспелый,105-110,Детерминантный,90-120 см,От 150 до 250 г
23,Томат Бочонок,True,Раннеспелый,60-65,Индетерминантный,,От 50 до 100 г
24,Томат Богата хата,True,Раннеспелый,95-105,Супердетерминантный,35-45 см,От 100 до 150 г
25,Томат Бобкат,True,Среднеспелый,45-55,Детерминантный,100-120 см,Более 250 г
26,Томат Блеск,True,Раннеспелый,105-110,Индетерминантный,180-200 см,От 150 до 250 г
27,Томат Белый налив 241,False,Раннеспелый,90-100,Детерминантный,около 50 см,От 50 до 100 г
28,Томат Бананчик,False,Среднеспелый,116-120,Индетерминантный,160-180 см,От 150 до 250 г
29,Томат Балконный красный,True,Ультраскороспелый,80-85,Супердетерминантный,15-20 см,
30,Томат Балконный желтый,True,Ультраскороспелый,80-85,Супердетерминантный,15-20 см,
31,Томат Андромеда,True,Раннеспелый,7-10,Детерминантный,70 см,От 50 до 100 г
32,Томат Амурский тигр,False,Среднеспелый,108-112,Индетерминантный,180-200 см,От 150 до 250 г
33,Томат Алешка,True,Раннеспелый,(90-95,Детерминантный,110-120 см,От 150 до 250 г
34,Томат Адъютант,False,Среднеспелый,60-65,Индетерминантный,160-180 см,От 50 до 100 г
35,Томат Агата,False,Раннеспелый,98-107,Детерминантный,33-45 см,От 50 до 100 г
36,Томат Марманде,False,Раннеспелый,95-100,Полудетерминантный,140-160 см,От 150 до 250 г
37,Томат Крымский,False,,100-113,Индетерминантный,До 200 см,От 150 до 250 г
38,Томат Атомный виноград Бреда,False,Среднеспелый,110-115,Индетерминантный,До 200 см,От 50 до 100 г
39,Томат Алпатьева 905 А,False,Раннеспелый,100-115,Супердетерминантный,35-45 см,От 50 до 100 г
40,Томат Веснушки,True,Ультраскороспелый,85-90,Детерминантный,80-100 см,От 25 до 50 г
41,Томат БИФ Кинг,True,Раннеспелый,96-100,Индетерминантный,160-180 см,От 150 до 250 г
42,Томат Зебра желтая,False,Среднеспелый,110-115,Индетерминантный,170-190 см,Более 250 г
43,Томат Буян желтый,False,Среднеспелый,110-115-й,Детерминантный,около 50 см,От 100 до 150 г
44,Томат Хурма,False,Среднеспелый,110-115,Детерминантный,70-100 см,Более 250 г
45,Томат Пузо карапуза,False,Среднеспелый,108-115,Детерминантный,,Более 250 г
46,Томат БИФ Пинк,True,Раннеспелый,,Индетерминантный,170-200 см,Более 250 г
47,Томат Биг хата,True,Среднеспелый,111-115,Индетерминантный,до 200 см,Более 250 г
48,Томат Уголек,False,Среднеспелый,108-115,Индетерминантный,,От 50 до 100 г
49,Томат Клюква в сахаре,False,Раннеспелый,100-110,Супердетерминантный,25-35 см,
50,Томат Ляна розовая,False,Ультраскороспелый,45-55,Детерминантный,50-60 см,От 50 до 100 г
51,Томат Ляна,False,Раннеспелый,90-110,Супердетерминантный,35-40 см,От 50 до 100 г
52,Томат Лимонные дольки,False,Среднеспелый,112-115,Индетерминантный,до 200 см,Более 250 г
53,Томат Лакомка,False,Раннеспелый,60-65,Детерминантный,55-60 см,От 100 до 150 г
54,Томат Красный бутон,False,Раннеспелый,95-100,Детерминантный,70-90 см,От 50 до 100 г
55,Томат Красное царство,True,Среднеспелый,105-115,Индетерминантный,180-200 см,От 150 до 250 г
56,Томат Красное море,False,Раннеспелый,105-110,Супердетерминантный,45-50 см,От 50 до 100 г
57,Томат Коразон,True,Среднеспелый,110-115,Индетерминантный,,Более 250 г
58,Томат Кавалер,False,Раннеспелый,95-98,Индетерминантный,,От 50 до 100 г
59,Томат Золотая бусинка,True,Ультраскороспелый,98-100,Индетерминантный,170-200 см,
60,Томат Земляк,False,Раннеспелый,95-98,Детерминантный,70-76 см,От 50 до 100 г
61,Томат Звездная россыпь,True,Ультраскороспелый,80,Индетерминантный,180-200 см,От 25 до 50 г
62,Томат Засолочное чудо,True,Раннеспелый,90,Детерминантный,60 см,От 50 до 100 г
63,Томат Жорик-обжорик,False,Раннеспелый,90-100,Супердетерминантный,35-45 см,От 100 до 150 г
64,Томат Дубрава,False,Ультраскороспелый,45-55,Детерминантный,40-50 см,От 100 до 150 г
65,Томат Дрова,False,Среднеспелый,107-115,Детерминантный,40-60 см,От 50 до 100 г
66,Томат Детки-конфетки,False,Ультраскороспелый,,Супердетерминантный,15-20 см,
67,Томат Дворцовый,False,Раннеспелый,60-65,Детерминантный,,Более 250 г
68,Томат Грунтовый Грибовский 1180,False,Раннеспелый,60-65,Супердетерминантный,до 50 см,От 100 до 150 г
69,Томат Гранада,False,Среднеспелый,90-100,Детерминантный,140-180 см,Более 250 г
70,Томат Гигант,False,Среднеспелый,110-115,Детерминантный,150 см,Более 250 г
71,Томат Всегда много,True,Ультраскороспелый,95-98,Детерминантный,100-120 см,От 100 до 150 г
72,Томат Восьмое чудо света,False,Раннеспелый,105-110,Индетерминантный,около 150 см,От 150 до 250 г
73,Томат Волгоградский скороспелый 323,False,Раннеспелый,15,Супердетерминантный,25-34 см,От 50 до 100 г
74,Томат Вкус детства,False,Среднеспелый,111-115,Детерминантный,60-70 см,От 150 до 250 г
75,Томат Видимо-невидимо,False,Раннеспелый,90-95,Супердетерминантный,25-35 см,
76,Томат Верность,True,Раннеспелый,100-105,Детерминантный,120-130 см,От 150 до 250 г
77,Томат Везунчик,True,Ультраскороспелый,82-87,Детерминантный,65-70 см,От 100 до 150 г
78,Томат Вано,True,Раннеспелый,95-97,Детерминантный,90-110 см,От 150 до 250 г
79,Томат В десятку,False,Раннеспелый,85-100,Детерминантный,50-60 см,От 150 до 250 г
80,Томат Сладкий бочонок,False,Среднеспелый,111-115,Индетерминантный,170-200 см,От 150 до 250 г
81,Томат Сладкая парочка,False,Раннеспелый,85-110,Детерминантный,50-60 см,От 150 до 250 г
82,Томат Скороход,False,Раннеспелый,105-110,Детерминантный,100-120 см,От 50 до 100 г
83,Томат Сибирский скороспелый,False,Раннеспелый,60-65,Детерминантный,,От 50 до 100 г
84,Томат Сердце красавицы,False,Раннеспелый,100-110,Детерминантный,70-100 см,От 150 до 250 г
85,Томат Сахарный великан,False,Среднеспелый,111-115,Индетерминантный,150-200 см,Более 250 г
86,Томат Сахалин,False,Раннеспелый,90-100,Индетерминантный,160-180 см,От 50 до 100 г
87,Томат Санька,False,Ультраскороспелый,75-85,Детерминантный,40-60 см,От 50 до 100 г
88,Томат Русский гостинец,True,Среднеспелый,110-115,Индетерминантный,170-200 см,От 50 до 100 г
89,Томат Русский богатырь,False,Среднеспелый,98-114,Детерминантный,60-80 см,От 100 до 150 г
90,Томат Румяный бок,True,Раннеспелый,90,Детерминантный,70-100 см,От 150 до 250 г
91,Томат Ромовая баба,False,Среднеспелый,110-115,Индетерминантный,более 150 см,Более 250 г
92,Томат Рома,False,Среднеспелый,105-125,Детерминантный,35-60 см,От 50 до 100 г
93,Томат Ракета,False,Среднеспелый,110-120,Детерминантный,30-40 см,От 25 до 50 г
94,Томат Райское наслаждение,False,Среднеспелый,(111-115,Индетерминантный,,Более 250 г
95,Томат Пурпурная свеча,False,Раннеспелый,60-65,Индетерминантный,170 см,От 50 до 100 г
96,Томат Полосатый шоколад,False,Среднеспелый,115-120,Индетерминантный,150-200 см,Более 250 г
97,Томат Полным-полно,False,Среднеспелый,116-120,Индетерминантный,около 120 см,От 50 до 100 г
98,Томат Победа,True,Раннеспелый,93-95,Индетерминантный,до 250 см,От 150 до 250 г
99,Томат Плюшкин,True,Раннеспелый,96-98,Детерминантный,60-70 см,От 50 до 100 г
100,Томат Пир на весь мир,False,Раннеспелый,105-110,Детерминантный,до 100 см,От 50 до 100 г
101,Томат Пальчики Мальвины,False,Раннеспелый,95-100,Детерминантный,60-70 см,От 50 до 100 г
102,Томат Обжорка,False,Раннеспелый,95-105,Детерминантный,90-130 см,От 50 до 100 г
103,Томат Новичок,False,Среднеспелый,110-114,Детерминантный,50-85 см,От 50 до 100 г
104,Томат Настена,True,Раннеспелый,(95-98,Детерминантный,100-120 см,От 100 до 150 г
105,Томат Монетка,False,Ультраскороспелый,85-90,Супердетерминантный,,
106,Томат Медвежья кровь,False,Раннеспелый,45-55,Детерминантный,около 100 см,Более 250 г
107,Томат Малиновая рапсодия,False,Раннеспелый,95-105,Супердетерминантный,50 см,Более 250 г
108,Томат Малек,False,Раннеспелый,90-100,Детерминантный,45-65 см,От 100 до 150 г
109,Томат Мазарини,True,Раннеспелый,95-105,Детерминантный,110-130 см,От 150 до 250 г
110,Томат Перцевидный красный,False,Среднеспелый,111-115,Индетерминантный,180-200 см,От 100 до 150 г
111,Томат Оранжевое солнце,False,Среднеспелый,111-115,Индетерминантный,180-200 см,Более 250 г
112,Томат Небоскреб,True,Среднеспелый,105-110,Индетерминантный,180-200 см,От 100 до 150 г
113,Томат Машенька,True,Раннеспелый,,Детерминантный,100-120 см,От 150 до 250 г
114,Томат Король ранних,False,Раннеспелый,100-105,Полудетерминантный,,От 100 до 150 г
115,Томат Клондайк,False,Среднеспелый,110,Индетерминантный,до 180 см,Более 250 г
116,Томат Знаменитое бычье сердце,False,Раннеспелый,45-55,Детерминантный,55-60 см,Более 250 г
117,Томат Диво-дивное,False,Среднеспелый,115,Индетерминантный,200-250 см,Более 250 г
118,Томат Воловье сердце розовое,False,Среднеспелый,60-65,Индетерминантный,150-200 см,Более 250 г
119,Томат Верное сердце,False,Среднеспелый,60-65,Индетерминантный,140-170 см,Более 250 г
120,Томат Буффалостейк,True,Раннеспелый,,Индетерминантный,до 200 см,Более 250 г
121,Томат Божья коровка,False,Раннеспелый,75-80,Детерминантный,30-50 см,
122,Томат Японский трюфель черный,False,Среднеспелый,111-115,Индетерминантный,150-200 см,От 100 до 150 г
123,Томат Щедрый вкус,False,Среднеспелый,111-115,Индетерминантный,170-200 см,От 150 до 250 г
124,Томат Чудо гроздь,True,Ультраскороспелый,90-95,Индетерминантный,170-190 см,
125,Томат Черный русский,False,Среднеспелый,(110-115,Индетерминантный,,От 150 до 250 г
126,Томат Челнок,False,Раннеспелый,82-110,Супердетерминантный,40-45 см,От 50 до 100 г
127,Томат Чао-какао,True,Раннеспелый,100-110,Индетерминантный,160-200 см,От 150 до 250 г
128,Томат Цитрусовый микс,False,Среднеспелый,111-115,Индетерминантный,200 см,От 50 до 100 г
129,Томат Царская башня,True,Раннеспелый,107-112,Детерминантный,до 100 см,От 150 до 250 г
130,Томат Флажок,False,Раннеспелый,45-55,Детерминантный,145-160 см,От 50 до 100 г
131,Томат Фантастика,False,Раннеспелый,100,Индетерминантный,до 200 см,
132,Томат Три сливки,False,Среднеспелый,60-70,Детерминантный,50-80 см,От 50 до 100 г
133,Томат Три гиганта,False,Среднеспелый,120-125,Индетерминантный,,Более 250 г
134,Томат Таежный рубин,False,Ультраскороспелый,90,Детерминантный,около 50 см,От 50 до 100 г
135,Томат Сытый папа,False,Раннеспелый,105-110,Индетерминантный,150-170 см,От 50 до 100 г
136,Томат Столичная штучка,True,Ультраскороспелый,80-85,Индетерминантный,более 200 см,От 25 до 50 г
137,Томат Союз 8,True,Раннеспелый,45-55,Детерминантный,70-100 см,От 50 до 100 г
138,Томат Сливка московская,False,Раннеспелый,60-65,Детерминантный,100-110 см,От 50 до 100 г
139,Томат Сладкий жемчуг,False,Раннеспелый,95-100,Индетерминантный,180-200 см,
140,Томат Матросик,False,Среднеспелый,110-115,Индетерминантный,170-190 см,От 100 до 150 г
141,Томат Принц Боргезе (Prince Borghese),False,Раннеспелый,,Индетерминантный,,От 25 до 50 г
142,Томат Легенда Тарасенко,False,Среднеспелый,,Индетерминантный,,От 50 до 100 г
143,Томат Микадо черный,False,Раннеспелый,,Индетерминантный,до 200 см,Более 250 г
144,Томат Славянский хоровод,True,Среднеспелый,95-105,Полудетерминантный,до 150 см,Более 250 г
145,Томат Абрикосовый,False,Раннеспелый,,Индетерминантный,,От 100 до 150 г
146,Томат Аурия желтая,False,Среднеспелый,,Индетерминантный,,От 100 до 150 г
147,Томат Анна Герман,False,Раннеспелый,,Индетерминантный,200-220 см,От 50 до 100 г
148,Томат Беркли тай дай хаат (Berkeley tie dye heart),False,Раннеспелый,,Индетерминантный,180-200 см,Более 250 г
149,Томат Бычье сердце черное,False,Раннеспелый,105-110,Индетерминантный,180-200 см,Более 250 г
150,Томат Алтайский оранжевый,False,Среднеспелый,112-115,Индетерминантный,до 200 см,Более 250 г
151,Томат Салтан,True,Раннеспелый,90-100,Полудетерминантный,,От 150 до 250 г
152,Томат Розовый слон,False,Среднеспелый,110-115,Полудетерминантный,,Более 250 г
153,Томат Буденовка,False,Среднеспелый,60-65,Индетерминантный,,От 150 до 250 г
154,Томат Алтайский розовый,False,Среднеспелый,110-115,Индетерминантный,150-180 см,Более 250 г
155,Томат Чудо-детки,False,Раннеспелый,95-105,Индетерминантный,160-180 см,
156,Томат Цитрусовый сад,False,Среднеспелый,116-120,Индетерминантный,160-180 см,От 50 до 100 г
157,Томат Бурый медведь,False,Среднеспелый,105-110,Индетерминантный,,От 150 до 250 г
158,Томат Толстосум,False,Раннеспелый,105-110,Индетерминантный,170-200 см,Более 250 г
159,Томат Абруццо,False,Раннеспелый,105-110,Индетерминантный,170-200 см,Более 250 г
160,Томат Тигренок,False,Среднеспелый,105-112,Индетерминантный,120-160 см,От 50 до 100 г
161,Томат Юбилейный Тарасенко,False,Среднеспелый,111-115,Индетерминантный,200-300 см,От 50 до 100 г
162,Томат Пузата хата,False,Раннеспелый,103-110,Индетерминантный,120-150 см,Более 250 г
163,Томат Шоколадный заяц,False,Раннеспелый,95-110,Индетерминантный,160-180 см,Более 250 г
164,Томат Черный бумер,True,Раннеспелый,90-95,Индетерминантный,более 200 см,От 100 до 150 г
165,Томат Черные глаза,False,Раннеспелый,105-115,Индетерминантный,,Более 250 г
166,Томат Червонец,True,Раннеспелый,90-95,Детерминантный,70-80 см,От 100 до 150 г
167,Томат Фокус-покус,False,Раннеспелый,100-105,Индетерминантный,,От 100 до 150 г
168,Томат Три малыша,False,Раннеспелый,45-55,Супердетерминантный,до 60 см,
169,Томат Поле чудес,False,Среднеспелый,110-115,Индетерминантный,,Более 250 г
170,Томат Дедушкина закуска,True,Ультраскороспелый,85-90,Детерминантный,до 75 см,От 150 до 250 г
171,Томат Брутус,False,Среднеспелый,105-115,Индетерминантный,,Более 250 г
172,Томат Снежный пик,False,Раннеспелый,108-112,Детерминантный,,От 150 до 250 г
173,Томат Шоколадная фабрика,False,Раннеспелый,,Индетерминантный,более 150 см,От 150 до 250 г
174,Томат Копилка,False,Среднеспелый,110-115,Индетерминантный,,От 100 до 150 г
175,Томат Модный коктейль,True,Раннеспелый,100-110,Индетерминантный,,
176,Томат Добрая фея,True,Ультраскороспелый,95-105,Детерминантный,,От 100 до 150 г
177,Томат Тигрелла (Tigerella),False,Раннеспелый,,Индетерминантный,180-200 см,От 25 до 50 г
178,Томат Шоколадное чудо,False,Среднеспелый,,Детерминантный,90-100 см,От 150 до 250 г
179,Томат Богатырь Илюша,False,Раннеспелый,95-100,Индетерминантный,170-190 см,От 150 до 250 г
180,Томат Алтайский букет,True,Раннеспелый,,Индетерминантный,,От 100 до 150 г
181,Томат Столыпин,False,Раннеспелый,95-105,Детерминантный,60-100 см,От 100 до 150 г
182,Томат Малиновый силач,False,Среднеспелый,112-116,Индетерминантный,,От 100 до 150 г
183,Томат Грейпфрут,False,Среднеспелый,110-115,Индетерминантный,200-250 см,Более 250 г
184,Томат Чудо карлик,True,Ультраскороспелый,85-90,Супердетерминантный,20-25 см,
185,Томат Розовая гирлянда,False,Ультраскороспелый,90-95,Детерминантный,,
186,Томат Зеро,False,Раннеспелый,105-110,Детерминантный,,От 150 до 250 г
187,Томат Дикий тимьян,False,Среднеспелый,107-112,Индетерминантный,,От 150 до 250 г
188,Томат Мулатка,False,Раннеспелый,110-115,Индетерминантный,,От 150 до 250 г
189,Томат Эхо,False,Раннеспелый,105-115,Детерминантный,,Более 250 г
190,Томат Амурский тигр розовый,False,Раннеспелый,105-110,Индетерминантный,180-200 см,Более 250 г
191,Томат Петр,True,Раннеспелый,105-110,Индетерминантный,,От 100 до 150 г
192,Томат Наполеон,True,Раннеспелый,103-108,Индетерминантный,,От 100 до 150 г
193,Томат Черный айсберг,False,Раннеспелый,95-110,Индетерминантный,150-180 см,Более 250 г
194,Томат Ням-ням,False,Раннеспелый,105-110,Индетерминантный,160-180 см,От 50 до 100 г
195,Томат Де Барао царский,False,Среднеспелый,110-120,Индетерминантный,180-200 см,От 100 до 150 г
196,Томат Сахарная гроздь,False,Ультраскороспелый,85-95,Супердетерминантный,до 50 см,
197,Томат Перцевидный полосатый,False,Среднеспелый,,Индетерминантный,,От 100 до 150 г
198,Томат Киви,False,Среднеспелый,,Индетерминантный,,Более 250 г
199,Томат Золото Амишей (Amish Gold),False,Раннеспелый,,Индетерминантный,190-220 см,От 50 до 100 г
200,Томат Королева сердец,False,Среднеспелый,115,Детерминантный,150-170 см,Более 250 г
201,Томат Москвич,False,Раннеспелый,100-105,Детерминантный,40-50 см,От 50 до 100 г
202,Томат Дрова желтые,False,Раннеспелый,90-95,Детерминантный,до 150 см,От 50 до 100 г
203,Томат Лонг-22,True,Среднеспелый,110-115,Индетерминантный,около 200 см,От 50 до 100 г
204,Томат Аэлита-71,True,Среднеспелый,100-115,Индетерминантный,,От 150 до 250 г
205,Томат Сладкие гирлянды,True,Раннеспелый,100-105,Индетерминантный,,
206,Томат Биг Рио-88,True,Раннеспелый,95-100,Детерминантный,,От 100 до 150 г
207,Томат Веселые ребята,True,Среднеспелый,105-115,Индетерминантный,более 200 см,От 100 до 150 г
208,Томат Толстые щечки,False,Среднеспелый,115-120,Индетерминантный,170-200 см,Более 250 г
209,Томат Елисей,False,Раннеспелый,95-105,Детерминантный,до 70 см,От 50 до 100 г
210,Томат Оранжевая слива,False,Раннеспелый,97-100,Детерминантный,60-70 см,От 50 до 100 г
211,Томат Пинк мама,False,Раннеспелый,100-110,Индетерминантный,170-200 см,От 150 до 250 г
212,Томат Никола,False,Среднеспелый,94-115,Детерминантный,60-65 см,От 50 до 100 г
213,Томат Север-81,True,Раннеспелый,95-110,Детерминантный,120-150 см,От 100 до 150 г
214,Томат Чудо-чудное,False,Среднеспелый,110-115,Индетерминантный,180-200 см,От 100 до 150 г
215,Томат Усыпанный,False,Раннеспелый,105-110,Детерминантный,,От 50 до 100 г
216,Томат Зеленый мед,False,Раннеспелый,107-112,Индетерминантный,,От 50 до 100 г
217,Томат Золотая россыпь,False,Раннеспелый,105-110,Индетерминантный,до 200 см,От 50 до 100 г
218,Томат Банан розовый,False,Раннеспелый,105-110,Индетерминантный,до 200 см,От 50 до 100 г
219,Томат Пища богов,False,Среднеспелый,112-115,Индетерминантный,,Более 250 г
220,Томат Сосулька черная,False,Раннеспелый,100-105,Индетерминантный,,От 50 до 100 г
221,Томат Знак качества,True,Раннеспелый,100-105,Индетерминантный,160-180 см,От 150 до 250 г
222,Томат Сладкий изюм,False,Среднеспелый,90-105,Индетерминантный,до 180 см,
223,Томат Изобилие,False,Раннеспелый,95-98,Индетерминантный,170-180 см,От 50 до 100 г
224,Томат Черный Мавр,False,Среднеспелый,115-120,Индетерминантный,160-180 см,От 50 до 100 г
225,Томат Черный барон,False,Среднеспелый,110-115,Индетерминантный,150-180 см,Более 250 г
226,Томат Бычье сердце розовое,False,Среднеспелый,110-115,Детерминантный,140-160 см,Более 250 г
227,Томат Кремлевский,True,Ультраскороспелый,,Детерминантный,,От 100 до 150 г
228,Томат Носики-курносики,False,Среднеспелый,105-110,Индетерминантный,,От 100 до 150 г
229,Томат Смайлик,False,Раннеспелый,95-105,Детерминантный,110-130 см,От 50 до 100 г
230,Томат Перцевидный гигант,False,Среднеспелый,111-115,Индетерминантный,,От 150 до 250 г
231,Томат Блэк черри,False,Раннеспелый,100-110,Индетерминантный,около 200 см,
232,Томат Чемпион веса,False,Среднеспелый,115,Индетерминантный,,Более 250 г
233,Томат Розовый гигант,False,Среднеспелый,110-115,Индетерминантный,до 150 см,Более 250 г
234,Томат Вишенка черная,False,Раннеспелый,,Индетерминантный,170-200 см,
235,Томат Перцевидный оранжевый,False,Среднеспелый,110-115,Индетерминантный,,От 100 до 150 г
236,Томат Негритенок,False,Среднеспелый,110-115,Индетерминантный,170-190 см,От 100 до 150 г
237,Томат Розовые щечки,False,Раннеспелый,108-112,Детерминантный,60-80 cv,Более 250 г
238,Томат Розовые купола,True,Среднеспелый,,Индетерминантный,,Более 250 г
239,Томат Ирма,False,Среднеспелый,110-115,Детерминантный,до 50 см,От 150 до 250 г
240,Томат Де Барао черный,False,Позднеспелый,120,Индетерминантный,более 200 см,От 100 до 150 г
241,Томат Де Барао оранжевый,False,Позднеспелый,115-120,Индетерминантный,180-220 см,От 50 до 100 г
242,Томат Бычье сердце оранжевое,False,Среднеспелый,105-110,Индетерминантный,160-180 см,Более 250 г
243,Томат Де Барао розовый,False,Позднеспелый,117,Индетерминантный,около 200 см,От 50 до 100 г
244,Томат Суперстейк,True,Среднеспелый,115,Индетерминантный,150-200 см,Более 250 г
245,Томат Сибирское чудо,False,Среднеспелый,111-115,Индетерминантный,до 150 см,От 150 до 250 г
246,Томат Вельможа,False,Среднеспелый,103-117,Детерминантный,50-60 см,От 150 до 250 г
247,Томат Медовый,False,Среднеспелый,110-115,Полудетерминантный,100-120 см,Более 250 г
248,Томат Малиновый великан,False,Раннеспелый,100-105,Индетерминантный,,Более 250 г
249,Томат Сердце бизона,False,Среднеспелый,110-115,Детерминантный,до 150 см,От 150 до 250 г
250,Томат Жозефина,True,Раннеспелый,,Индетерминантный,180-200 см,Более 250 г
251,Томат Сто пудов,False,Среднеспелый,110-115,Индетерминантный,170-200 см,От 150 до 250 г
252,Томат Большая медведица,False,Раннеспелый,,Индетерминантный,,Более 250 г
253,Томат Черная маркиза,False,Среднеспелый,110-115,Детерминантный,,От 100 до 150 г
254,Томат Джина ТСТ,False,Среднеспелый,110-115,Детерминантный,50-60 см,От 150 до 250 г
255,Томат Чудо на окошке,False,Раннеспелый,90,Супердетерминантный,20-35 см,
256,Томат Красные бусы,False,Раннеспелый,100-105,Индетерминантный,150-170 см,
257,Томат Медовая капель,False,Среднеспелый,110-115,Индетерминантный,более 200 см,От 25 до 50 г
258,Томат Черрипашки,False,Раннеспелый,108-115,Индетерминантный,,
259,Томат Люкс-14,True,Раннеспелый,,Детерминантный,65-70 см,От 50 до 100 г
260,Томат Супер Марио,False,Среднеспелый,100-112,Индетерминантный,,От 150 до 250 г
261,Томат Званный ужин,False,Среднеспелый,110-115,Индетерминантный,180-210 см,От 100 до 150 г
262,Томат Золотой принц,False,Раннеспелый,105-110,Индетерминантный,,От 150 до 250 г
263,Томат Праздник живота,False,Раннеспелый,105-110,Детерминантный,55-65 см,От 100 до 150 г
264,Томат Счастливый тигр,False,Среднеспелый,112-115,Индетерминантный,170-200 см,От 25 до 50 г
265,Томат Лотарингская красавица красная,False,Среднеспелый,110-120,Индетерминантный,180-200 см,От 150 до 250 г
266,Томат Суперэкзотик,False,Среднеспелый,105-115,Индетерминантный,До 180 см,От 50 до 100 г
267,Томат Грушка полосатая,False,Раннеспелый,105-115,Детерминантный,До 80 см,От 50 до 100 г
268,Томат Тунгуска,False,Раннеспелый,105-115,Детерминантный,15-55 см,От 100 до 150 г
269,Томат Якут,False,Ультраскороспелый,80-85,Детерминантный,45-55 см,От 100 до 150 г
270,Томат Будапешт,False,Раннеспелый,105-110,Индетерминантный,,От 150 до 250 г
271,Томат Танец огня,True,Ультраскороспелый,85-90,Детерминантный,50-100 см,От 100 до 150 г
272,Томат Малиновый звон,True,Раннеспелый,100-110,Детерминантный,60-80 см,От 100 до 150 г
273,Томат Черри,False,Раннеспелый,95-102,Индетерминантный,более 150 см,
274,Томат Мясистый,True,Раннеспелый,105-110,Детерминантный,55-60 см,От 150 до 250 г
275,Томат Японский краб,False,Среднеспелый,110-115,Индетерминантный,до 200 см,Более 250 г
276,Томат Гулливер,False,Среднеспелый,105-115,Детерминантный,,От 100 до 150 г
277,Томат Вишенка розовая,False,Раннеспелый,105-110,Индетерминантный,около 200 см,
278,Томат Кнопка,False,Раннеспелый,100-105,Детерминантный,,От 25 до 50 г
279,Томат Перцевидный,False,Среднеспелый,110-115,Индетерминантный,около 200 см,От 100 до 150 г
280,Томат Дамский угодник,False,Среднеспелый,,Индетерминантный,,От 50 до 100 г
281,Томат Космонавт Волков,False,Среднеспелый,111-120,Индетерминантный,,Более 250 г
282,Томат Банан оранжевый,False,Среднеспелый,110-115,Индетерминантный,150-180 см,От 50 до 100 г
283,Томат Бычье сердце,False,Среднеспелый,115-120,Детерминантный,до 170 см,От 150 до 250 г
284,Томат Банан красный,False,Раннеспелый,96-105,Детерминантный,70-90 см,От 50 до 100 г
285,Томат Золотая пуля,False,Ультраскороспелый,103-105,Детерминантный,50-60 см,От 50 до 100 г
286,Томат Козырь,False,Среднеспелый,110-115,Детерминантный,,От 100 до 150 г
287,Томат Денежный мешок,False,Раннеспелый,90-100,Индетерминантный,180 см,От 50 до 100 г
288,Томат Чудотворец,False,Среднеспелый,110-115,Индетерминантный,150-160 см,От 150 до 250 г
289,Томат Воловье сердце,False,Среднеспелый,111-116,Индетерминантный,160-180 см,От 150 до 250 г
290,Томат Рубиновое сердце,True,Ультраскороспелый,83-95,Детерминантный,60-80 см,Более 250 г
291,Томат Карелия,False,Позднеспелый,95-100,Детерминантный,100 см,От 150 до 250 г
292,Томат Биг грин,False,Среднеспелый,110-115,Индетерминантный,200 см,От 150 до 250 г
293,Томат Винтаж вайн,False,Среднеспелый,,Детерминантный,100-150 см,От 150 до 250 г
294,Томат Белла роза,False,Раннеспелый,110-115,Индетерминантный,До 180 см,От 150 до 250 г
295,Томат Хоумстэд,False,Позднеспелый,110-115,Индетерминантный,180 см,Более 250 г
296,Томат Вкусный приз,False,Раннеспелый,107-112,Индетерминантный,180 см,Более 250 г
297,Томат Львенок,False,Раннеспелый,95-105,Детерминантный,50-60 см,От 100 до 150 г
298,Томат Королевский подарок,False,Среднеспелый,100-110,Индетерминантный,до 200 см,От 150 до 250 г
299,Томат Антарктида,False,Раннеспелый,105-110,Индетерминантный,170-200 см,От 100 до 150 г
300,Томат Микадо карамельный,False,Ультраскороспелый,105-115,Индетерминантный,,От 150 до 250 г
301,Томат Прима-66,True,Раннеспелый,105-110,Индетерминантный,180-220 см,От 150 до 250 г
302,Томат Розовое сердце,False,Среднеспелый,110-115й,Индетерминантный,180-200 см,От 150 до 250 г
303,Томат Перцовка,False,Раннеспелый,105-110,Детерминантный,,От 50 до 100 г
304,Томат Триумф-21,True,Раннеспелый,105-107,Индетерминантный,200-230 см,От 150 до 250 г
305,Томат Ампельный,False,Ультраскороспелый,85-90,Детерминантный,,
306,Томат Рекорд-8,True,Раннеспелый,90-100,Детерминантный,до 100 см,От 150 до 250 г
307,Томат Класс-150,True,Среднеспелый,100-110,Индетерминантный,,От 150 до 250 г
308,Томат Балтийский берег,False,Среднеспелый,110-115,Детерминантный,,От 50 до 100 г
309,Томат Тоскана,False,Раннеспелый,100-110,Детерминантный,1м,От 50 до 100 г
310,Томат Розовый лимон,False,Раннеспелый,100-105,Индетерминантный,,От 50 до 100 г
311,Томат Грушка розовая,False,Среднеспелый,110-115,Индетерминантный,,От 100 до 150 г
312,Томат Изумрудный город,False,Раннеспелый,110,Детерминантный,,Более 250 г
313,Томат Ваше плодородие,False,Раннеспелый,107-112,Детерминантный,50-60 см,От 100 до 150 г
314,Томат Большой бонус,False,Среднеспелый,100-115,Индетерминантный,,От 100 до 150 г
315,Томат Косички,False,Среднеспелый,110-115,Индетерминантный,190-220 см,
316,Томат Василина,False,Среднеспелый,105-110,Индетерминантный,,От 150 до 250 г
317,Томат Минибанда,True,Среднеспелый,105-110,Индетерминантный,190-220 см,
318,Томат Жареный коктейль,False,Раннеспелый,95-100,Детерминантный,115-130 см,
319,Томат Крошка в ладошку,False,Среднеспелый,95-105,Детерминантный,,
320,Томат Золотой дождь,False,Среднеспелый,110-112,Индетерминантный,200 см,
321,Томат Кинг сайз,False,Среднеспелый,110-115,Детерминантный,150 см,Более 250 г
322,Томат Де Барао золотой,False,Позднеспелый,,Индетерминантный,,От 50 до 100 г
323,Томат Черная сливка,False,Среднеспелый,116-120,Индетерминантный,более 200 см,От 50 до 100 г
324,Томат Брызги шампанского,False,Раннеспелый,110-115,Индетерминантный,200 см,
325,Томат Воевода,False,Раннеспелый,108-112,Индетерминантный,180 см,От 100 до 150 г
326,Томат Башенки,False,Раннеспелый,108-115,Детерминантный,60-80 см,От 100 до 150 г
327,Томат Дальний кордон,False,Раннеспелый,95-100,Детерминантный,50 см,От 50 до 100 г
328,Томат Суперсладкий,False,Среднеспелый,110-112,Индетерминантный,170-190 см,Более 250 г
329,Томат Сибирский тигр розовый,False,Среднеспелый,110-120,Индетерминантный,160-180 см,От 150 до 250 г
330,Томат Сахарный холодок,False,Раннеспелый,100-112,Детерминантный,40-50 см,От 100 до 150 г
331,Томат Розовый пунш,True,Среднеспелый,,Детерминантный,90-120 см,От 150 до 250 г
332,Томат Монгольский карлик,False,Раннеспелый,,Детерминантный,30 см,От 100 до 150 г
333,Томат Ромочка,False,Раннеспелый,110-115,Детерминантный,60-100 см,От 50 до 100 г
334,Томат Медовая роса,False,Среднеспелый,,Индетерминантный,180 см,Более 250 г
335,Томат Солнечная вспышка,False,Среднеспелый,110-115,Индетерминантный,190-210 см,Более 250 г
336,Томат Пикничок,False,Ультраскороспелый,10,Детерминантный,70-80 см,От 50 до 100 г
337,Томат Беркли тай дай грин,False,Среднеспелый,110-120,Индетерминантный,180-20 см,От 150 до 250 г
338,Томат Король гигантов,False,Раннеспелый,105-110,Индетерминантный,170-200 см,Более 250 г
339,Томат Медная река,False,Среднеспелый,110-115,Полудетерминантный,70-150 см,Более 250 г
340,Томат Медовый эль,False,Раннеспелый,115-120,Индетерминантный,200 см,Более 250 г
341,Томат Оранжевая кнопка,False,Ультраскороспелый,85-95,Детерминантный,30 см,
342,Томат Сахарный спрут,False,Раннеспелый,110-115,Детерминантный,150 см,От 150 до 250 г
343,Томат Дамские пальчики,False,Раннеспелый,,Детерминантный,60-100 см,От 50 до 100 г
344,Томат Черная королева,False,Раннеспелый,110-115,Индетерминантный,180 см,От 150 до 250 г
345,Томат Десперадо,False,Среднеспелый,110-113,Детерминантный,65-95 см,От 50 до 100 г
346,Томат Белла,False,Среднеспелый,110-115,Индетерминантный,150-160 см,От 150 до 250 г
347,Томат Гигант Подмосковья,False,Среднеспелый,115-125,Индетерминантный,180-200 см,Более 250 г
348,Томат Бычье сердце компакт,False,Раннеспелый,100-115,Детерминантный,50-55 см,От 150 до 250 г
349,Томат Зеленая сосиска,False,Среднеспелый,107-112,Детерминантный,60-65 см,От 25 до 50 г
350,Томат Свадьба в Малиновке,True,Раннеспелый,105-110,Индетерминантный,200 см,От 100 до 150 г
351,Томат Царская ветка,False,Раннеспелый,105-110,Детерминантный,70-90 см,От 50 до 100 г
352,Томат Снежный барс,False,Раннеспелый,100-105,Детерминантный,45-60 см,От 100 до 150 г
353,Томат Доктор Грин,False,Раннеспелый,110-115,Индетерминантный,более 180 см,
354,Томат Сосулька кремовая,False,Раннеспелый,100-110,Детерминантный,,От 25 до 50 г
355,Томат Делишес,False,Среднеспелый,110-120,Индетерминантный,"1,8-2м",Более 250 г
356,Томат Микадо розовый,False,Среднеспелый,95-112,Индетерминантный,180-220 см,Более 250 г
357,Томат Шайба,False,Среднеспелый,110-115,Индетерминантный,150-170 см,От 150 до 250 г
358,Томат Полосатое сердце,False,Раннеспелый,95-105,Индетерминантный,180-220 см,Более 250 г
359,Томат Купец-молодец,False,Раннеспелый,105-110,Детерминантный,90-110 см,Более 250 г
360,Томат Южный вечер,False,Среднеспелый,107-112,Индетерминантный,,Более 250 г
361,Томат Хочу еще,True,Среднеспелый,110-115,Индетерминантный,160-180 см,От 100 до 150 г
362,Томат Морозко,False,Среднеспелый,95-100,Детерминантный,60 см,От 100 до 150 г
363,Томат Малиновая Генрика,True,Раннеспелый,107-112,Индетерминантный,Более 200 см,От 100 до 150 г
364,Томат Сахарная избушка,False,Среднеспелый,111-115,Индетерминантный,180-200 см,От 150 до 250 г
365,Томат Аленький цветочек,False,Раннеспелый,95-98,Детерминантный,70-80 см,От 50 до 100 г
366,Томат Сладис,False,Раннеспелый,90-95,Детерминантный,80-90 см,От 50 до 100 г
367,Томат Гусарик,False,Раннеспелый,110,Индетерминантный,180-200 см,От 50 до 100 г
368,Томат Крупная сливка,False,Раннеспелый,105-110,Детерминантный,до 60 см,От 50 до 100 г
369,Томат Смуглянка,False,Среднеспелый,110-115,Детерминантный,60-90 см,От 150 до 250 г
370,Томат Флоренция,False,Ультраскороспелый,90-95,,,От 50 до 100 г
371,Томат Комплимент,False,Раннеспелый,,,200 см,От 100 до 150 г
372,Томат Анна-Роза,False,Раннеспелый,(107-112,Индетерминантный,180 см,От 100 до 150 г
373,Томат Семь сестер,False,Ультраскороспелый,90-105,Индетерминантный,200 см,
374,Томат Новогодние свечи,False,Раннеспелый,100-110,Детерминантный,50-100 см,От 100 до 150 г
375,Томат Чероки грин,False,Раннеспелый,112-115,Индетерминантный,170-190 см,Более 250 г
376,Томат Звездный бульвар,False,Среднеспелый,112,Детерминантный,45-55 см,От 150 до 250 г
377,Томат Морошка,False,Ультраскороспелый,90-95,Детерминантный,20-25 см,
378,Томат Летний марафон,False,Ультраскороспелый,100,Индетерминантный,170-190 см,От 50 до 100 г
379,Томат Сердце Алтая,False,Среднеспелый,111-115,Индетерминантный,180-200 см,Более 250 г
380,Томат Ред принц,True,Раннеспелый,90-95,Детерминантный,60-70 см,От 50 до 100 г
381,Томат Фиорентино,False,Среднеспелый,110-115,Индетерминантный,180-200 см,Более 250 г
382,Томат Красные щечки,True,Раннеспелый,60-65,Детерминантный,,От 100 до 150 г
383,Томат Король Сибири,False,Среднеспелый,110-115,Индетерминантный,180 см,Более 250 г
384,Томат Северенок,True,Раннеспелый,85-90,Детерминантный,60-70 см,От 100 до 150 г
385,Томат Джульетта,True,Ультраскороспелый,85-90,Детерминантный,50-70 см,От 150 до 250 г
386,Томат Лимончики,False,Среднеспелый,111-115,Индетерминантный,около 200 см,От 50 до 100 г
387,Томат Грушка черная,False,Среднеспелый,110-115,Индетерминантный,около 200 см,От 50 до 100 г
388,Томат Пуговка,False,Среднеспелый,95,Детерминантный,50 см,
389,Томат Черриводопад,True,Раннеспелый,105-110,Детерминантный,120-140 см,
390,Томат Граф Орлов,True,Раннеспелый,105-110,Индетерминантный,До 200 см,От 150 до 250 г
391,Томат Сеньор помидор,False,Среднеспелый,111-115,Индетерминантный,до 300 см,От 50 до 100 г
392,Томат Оранж,False,Раннеспелый,105-110,Детерминантный,35-40 см,От 50 до 100 г
393,Томат Сладкие сердечки,True,Ультраскороспелый,80-85,Детерминантный,80-100 см,От 25 до 50 г
394,Томат Чудо рынка,True,Раннеспелый,110,Индетерминантный,,От 150 до 250 г
395,Томат Три медведя,True,Среднеспелый,105-108,Детерминантный,60-100 см,От 150 до 250 г
396,Томат Пинк Босс,True,Раннеспелый,95-105,Детерминантный,90-110 см,Более 250 г
397,Томат Соломон,True,Раннеспелый,95-100,Детерминантный,70-80 см,От 100 до 150 г
398,Томат Розелла,False,Раннеспелый,107-110,Индетерминантный,190-210 см,
399,Томат Русская коса красная,True,Ультраскороспелый,95-105,Индетерминантный,180-200 см,
400,Томат Сахарный бизон,False,Среднеспелый,110,Индетерминантный,До 200 см,Более 250 г
401,Томат Неразлучные сердца,True,Ультраскороспелый,90-95,Индетерминантный,180-200 см,От 150 до 250 г
402,Томат Пожарский,True,Ультраскороспелый,85-90,Детерминантный,70-80 см,От 100 до 150 г
403,Томат БИФ Стар,True,Раннеспелый,95-100,Индетерминантный,160-180 см,Более 250 г
404,Томат Пурпурный русский,False,Среднеспелый,110-115,Индетерминантный,180-220 см,От 50 до 100 г
405,Томат Перцевидный,False,Среднеспелый,110-115,Индетерминантный,160-200 см,От 150 до 250 г
406,Томат Балконный,False,Ультраскороспелый,85-90,Детерминантный,45-60 см,
407,Томат Утренняя роса,False,Раннеспелый,60-65,Индетерминантный,,Более 250 г
408,Томат Мармелад оранжевый,False,Раннеспелый,100-110,Детерминантный,90-100 см,От 150 до 250 г
409,Томат Розовая торпеда,False,Раннеспелый,105-108,Индетерминантный,200 см,От 100 до 150 г
410,Томат Городской пижон,True,Среднеспелый,109-115,Индетерминантный,200 см,От 100 до 150 г
411,Томат Де барао,False,Позднеспелый,120-125,Индетерминантный,200 см,От 50 до 100 г
412,Томат Сладкий щербет,False,Среднеспелый,110,Индетерминантный,До 200 см,От 25 до 50 г
413,Томат Японский трюфель розовый,False,Раннеспелый,110-115,Индетерминантный,Более 200 см,От 100 до 150 г
414,Томат Аришка,True,Раннеспелый,90-95,Индетерминантный,До 200 см,От 100 до 150 г
415,Томат Супермарманде,False,Раннеспелый,95-100,Полудетерминантный,140-160 см,От 150 до 250 г
416,Томат Смородинка красная,False,Раннеспелый,100-110,Индетерминантный,200 см,
417,Томат Башкирский ранний,False,Раннеспелый,105-110,Индетерминантный,Свыше 200 см,Более 250 г
418,Томат Бабушка Тася,False,,95-105,Детерминантный,60-70 см,От 100 до 150 г
419,Томат Сердце Баварии,False,Среднеспелый,105-110,Детерминантный,До 80 см,От 150 до 250 г
420,Томат Суперболл,False,Раннеспелый,105-112,Индетерминантный,Более 200 см,От 100 до 150 г
421,Томат Вишневая королева,True,Ультраскороспелый,85-87,Детерминантный,90-100 см,От 25 до 50 г
422,Томат Заюшка-хозяюшка,False,Среднеспелый,110-115,Детерминантный,50-80 см,От 50 до 100 г
423,Томат Большая надежда,True,Раннеспелый,100-105,Индетерминантный,180-200 см,Более 250 г
424,Томат Свит бэби,False,Раннеспелый,95-100,Индетерминантный,180-200 см,
425,Томат Сахарная семейка,True,Раннеспелый,75-80,Индетерминантный,180-200 см,От 25 до 50 г
426,Томат Золотая пора,False,Раннеспелый,100-105,Детерминантный,55-70 см,От 25 до 50 г
427,Томат Душечка,True,Раннеспелый,90-95,Детерминантный,70-80 см,От 50 до 100 г
428,Томат Супермакс,True,Раннеспелый,100-105,Детерминантный,100-130 см,От 150 до 250 г
429,Томат Портофино,False,Среднеспелый,110-115,Индетерминантный,160-180 см,От 150 до 250 г
430,Томат Сенечка,False,Раннеспелый,95,Детерминантный,120-130 см,
431,Томат Самохвал,False,Раннеспелый,95-100,Детерминантный,45-100 см,От 50 до 100 г
432,Томат Чико 3,False,Среднеспелый,100-110,Детерминантный,50-60 см,От 50 до 100 г
433,Томат Тристар,True,Раннеспелый,105-110,Индетерминантный,150-180 см,От 100 до 150 г
434,Томат Альбина,False,Среднеспелый,110-115,Индетерминантный,180-200 см,От 150 до 250 г
435,Томат Янтарные сережки,False,Раннеспелый,110-113,Индетерминантный,Более 200 см,
436,Томат Юбилейный эксклюзив,False,Раннеспелый,95-105,Индетерминантный,180-200 см,От 100 до 150 г
437,Томат Красна девица,False,Ультраскороспелый,75-85,Детерминантный,120-130 см,
438,Томат Спелая вишня,False,Раннеспелый,95-100,Индетерминантный,Более 200 см,
439,Томат Золотой дебют,False,Раннеспелый,100-105,Индетерминантный,180-200 см,
440,Томат Дружная семейка,True,Раннеспелый,90-95,Индетерминантный,Более 200 см,От 25 до 50 г
441,Томат Пышка,True,Ультраскороспелый,85-90,Детерминантный,65-70 см,От 100 до 150 г
442,Томат Большой сахар,False,Раннеспелый,95-105,Индетерминантный,170-200 см,Более 250 г
443,Томат Черри-капли,False,Среднеспелый,112-115,Индетерминантный,,
444,Томат Дикий гусь,False,Раннеспелый,105-110,Детерминантный,50-100 см,От 100 до 150 г
445,Томат Черный крым,False,Среднеспелый,112-115,Индетерминантный,180-220 см,От 150 до 250 г
446,Томат Ликопинчик,True,Ультраскороспелый,85-90,Детерминантный,60-70 см,От 100 до 150 г
447,Томат Гусеничка,True,Ультраскороспелый,90-95,Индетерминантный,Более 20 см,От 25 до 50 г
448,Томат Черная жемчужина,True,Раннеспелый,95-100,Индетерминантный,Более 200 см,От 25 до 50 г
449,Томат Черничка,False,Раннеспелый,110-115,Супердетерминантный,30-45 см,
450,Томат Красная шапочка,False,Раннеспелый,85-90,Супердетерминантный,20-25,
451,Томат Конфетки на ветке,True,Раннеспелый,90-95,Индетерминантный,180-200 см,От 25 до 50 г
452,Томат Байкал,True,Среднеспелый,107-112,Индетерминантный,220-250 см,От 150 до 250 г
453,Томат Благодар,True,Раннеспелый,102-107,Индетерминантный,До 200 см,От 150 до 250 г
454,Томат Маленький принц,False,Раннеспелый,100-107,Детерминантный,140-160 см,
455,Томат Амурские волны,False,Раннеспелый,105-110,Детерминантный,120-140 см,От 100 до 150 г
456,Томат Сумасшедшие вишни Барри,False,Среднеспелый,,Индетерминантный,200 см,
457,Томат Хамелеон,False,Среднеспелый,110-120,Детерминантный,100-150 см,От 100 до 150 г
458,Томат Черная красавица,False,Среднеспелый,110-113,Индетерминантный,170-200 см,Более 250 г
459,Томат Райские свечи,False,Раннеспелый,105-110,Детерминантный,130-150 см,
460,Томат Вороний глаз,False,Среднеспелый,105-115,Супердетерминантный,30-35 см,
461,Томат Римские каникулы,False,Раннеспелый,105-115,Детерминантный,120-130 см,От 100 до 150 г
462,Томат Блэк бьюти,False,,112-115,Индетерминантный,До 200 см,От 150 до 250 г
463,Томат Ласковый Миша,True,Раннеспелый,93-95,Детерминантный,65-75 см,От 100 до 150 г
464,Томат Вкусная забава,False,Раннеспелый,107-110,Детерминантный,До 100 см,От 100 до 150 г
465,Томат Лотарингская красавица желтая,False,Среднеспелый,120-125,Индетерминантный,180-200 см,От 150 до 250 г
466,Томат Добрыня,True,Раннеспелый,95-105,Полудетерминантный,150 см,От 150 до 250 г
467,Томат Буратино оранжевый,False,Раннеспелый,105-110,Индетерминантный,200-220 см,От 100 до 150 г
468,Томат Любушка,True,Среднеспелый,111-115,Индетерминантный,180-200 см,От 100 до 150 г
469,Томат Лель,False,Среднеспелый,107-112,Детерминантный,55-65см,От 50 до 100 г
470,Томат Алая гроздь,True,Раннеспелый,100-110,Детерминантный,около 30 см,От 25 до 50 г
471,Томат Черри сердцевидный,False,Раннеспелый,105-110,Индетерминантный,более 180 см,От 25 до 50 г
472,Томат Черри-13,True,Раннеспелый,103-108,Индетерминантный,,
473,Томат Апельсин,False,Раннеспелый,105-110,Индетерминантный,170-190 см,От 150 до 250 г
474,Томат Дикая роза,False,Раннеспелый,105-110,Индетерминантный,200 см,От 150 до 250 г
475,Томат Балконное чудо,False,Раннеспелый,90-100,Детерминантный,20-30 см,
476,Томат Вкус на укус,False,Раннеспелый,107-112,Индетерминантный,190-230 см,
477,Томат Диковинка,False,Раннеспелый,100-105,Индетерминантный,,
478,Томат Подарок феи,False,Ультраскороспелый,95-100,Детерминантный,60-70 см,От 100 до 150 г
479,Томат Винный кувшин,False,Раннеспелый,105-110,Индетерминантный,150-200 см,От 50 до 100 г
480,Томат Девичьи сердечки,False,Среднеспелый,111-115,Индетерминантный,,От 150 до 250 г
481,Томат Перцевидный розовый,False,Раннеспелый,105-110,Индетерминантный,,От 50 до 100 г
482,Томат Дикий Фред,False,Среднеспелый,110-115,Детерминантный,90-110 см,От 150 до 250 г
483,Томат 100%,True,Ультраскороспелый,90-95,Детерминантный,110-130 см,От 150 до 250 г
484,Томат Смородинка,False,Раннеспелый,,Индетерминантный,До 150 см,
485,Томат Русская коса оранжевая,True,Ультраскороспелый,95-105,Индетерминантный,180-200 см,
486,Томат Ирина,True,Раннеспелый,45-55,Детерминантный,100-120 см,От 100 до 150 г
487,Томат 33 богатыря,False,Среднеспелый,110-115,Полудетерминантный,140-160 см,От 150 до 250 г
488,Томат Мадам Кураж,True,Раннеспелый,–60-65,Индетерминантный,100-150 см,
489,Томат Надежда,True,Раннеспелый,95-100,Детерминантный,100-120 см,От 150 до 250 г
490,Томат Папино угощение,True,Среднеспелый,60-65,Индетерминантный,150-200 см,От 150 до 250 г
491,Томат Рубиновый кулон,True,Среднеспелый,110-115,Индетерминантный,До 200 см,От 50 до 100 г
492,Томат Сладкий миллион,False,Раннеспелый,95-100,Индетерминантный,180-200 см,
493,Томат Черный принц,False,Среднеспелый,60-65,Индетерминантный,До 200 см,Более 250 г
494,Томат Медовый гигант,False,Среднеспелый,110-115,Индетерминантный,,Более 250 г
495,Томат Чарующий каскад,False,Ультраскороспелый,80-85,Супердетерминантный,,
496,Томат Тамбовский волк,True,Среднеспелый,105-110,Индетерминантный,,От 150 до 250 г
497,Томат Золотое сердце,False,Ультраскороспелый,60-65,Детерминантный,60 см,От 100 до 150 г
498,Томат Медок,True,Раннеспелый,106-111,Детерминантный,120-150 см,От 25 до 50 г
499,Томат Баламут,True,Ультраскороспелый,95-105,Детерминантный,120-150 см,От 100 до 150 г
